name,id,price,size,qA,available
Venus Flares / Eclipse Wash,12726744416279,7350,23,0,False
Venus Flares / Eclipse Wash,34759253132,7350,24,-147,True
Venus Flares / Eclipse Wash,34759253196,7350,25,-191,True
Venus Flares / Eclipse Wash,34759253260,7350,26,-271,True
Venus Flares / Eclipse Wash,34759253324,7350,27,-294,True
Venus Flares / Eclipse Wash,34759253388,7350,28,-249,True
Venus Flares / Eclipse Wash,34759253452,7350,29,-161,True
Venus Flares / Eclipse Wash,34759253516,7350,30,-79,True
Venus Flares / Eclipse Wash,34759253580,7350,31,-45,True
Venus Flares / Eclipse Wash,34759253644,7350,32,-47,True
Venus Flares / Solstice Wash,7459781378071,7350,24,19,True
Venus Flares / Solstice Wash,7459781410839,7350,25,14,True
Venus Flares / Solstice Wash,7459781443607,7350,26,21,True
Venus Flares / Solstice Wash,7459781476375,7350,27,13,True
Venus Flares / Solstice Wash,7459781509143,7350,28,1,True
Venus Flares / Solstice Wash,7459781541911,7350,29,7,True
Venus Flares / Solstice Wash,7459781574679,7350,30,12,True
Venus Flares / Solstice Wash,7459781607447,7350,31,10,True
Venus Flares / Solstice Wash,7459781640215,7350,32,0,False
East Cal Tee,3431215071255,2850,ONE SIZE,0,False
Yin Yang Crops / Black,3961726697495,6600,24 / Black,0,False
Yin Yang Crops / Black,3961726730263,6600,25 / Black,0,False
Yin Yang Crops / Black,3961726763031,6600,26 / Black,0,False
Yin Yang Crops / Black,3961726795799,6600,27 / Black,0,False
Yin Yang Crops / Black,3961726828567,6600,28 / Black,0,False
Yin Yang Crops / Black,3961726861335,6600,29 / Black,0,False
Yin Yang Crops / Black,3961726894103,6600,30 / Black,0,False
Yin Yang Crops / Black,3961726926871,6600,31 / Black,2,True
Yin Yang Crops / Black,3961726959639,6600,32 / Black,1,True
Superior Vintage Tee,3431319240727,2850,ONE SIZE,0,False
Burn the Bras Tee - White / Navy,4251679096855,2850,ONE SIZE,-346,True
Imagine Flares / Shades of Blue Wash,32080879628,7350,24,16,True
Imagine Flares / Shades of Blue Wash,32080879692,7350,25,2,True
Imagine Flares / Shades of Blue Wash,32080879756,7350,26,6,True
Imagine Flares / Shades of Blue Wash,32080879884,7350,27,0,False
Imagine Flares / Shades of Blue Wash,32080879948,7350,28,0,True
Imagine Flares / Shades of Blue Wash,32080880012,7350,29,2,True
Imagine Flares / Shades of Blue Wash,32080880076,7350,30,-1,True
Imagine Flares / Shades of Blue Wash,32080880140,7350,31,6,True
Imagine Flares / Shades of Blue Wash,32080880204,7350,32,1,True
B-Side / OG,12529385340951,7200,24,-4,True
B-Side / OG,12529910218775,7200,25,-16,True
B-Side / OG,12529910251543,7200,26,-10,True
B-Side / OG,12529910284311,7200,27,-43,True
B-Side / OG,12529910317079,7200,28,-19,True
B-Side / OG,12529910349847,7200,29,-29,True
B-Side / OG,12529910382615,7200,30,14,True
B-Side / OG,12529910415383,7200,31,-4,True
B-Side / OG,12529910448151,7200,32,-5,True
Rollergirl Flares / Blue Clue Wash,35517334988,7350,24,0,False
Rollergirl Flares / Blue Clue Wash,35517335052,7350,25,0,False
Rollergirl Flares / Blue Clue Wash,35517335116,7350,26,0,False
Rollergirl Flares / Blue Clue Wash,35517335180,7350,27,0,False
Rollergirl Flares / Blue Clue Wash,35517335244,7350,28,-6,False
Rollergirl Flares / Blue Clue Wash,35517335308,7350,29,-4,False
Rollergirl Flares / Blue Clue Wash,35517335372,7350,30,0,False
Rollergirl Flares / Blue Clue Wash,35517335436,7350,31,-2,False
Rollergirl Flares / Blue Clue Wash,35517335500,7350,32,0,False
Ex-Boyfriend / Robbie Wash,12227355443223,6600,24,-26,True
Ex-Boyfriend / Robbie Wash,12227355475991,6600,25,-42,True
Ex-Boyfriend / Robbie Wash,12227355508759,6600,26,-61,True
Ex-Boyfriend / Robbie Wash,12227355541527,6600,27,-72,True
Ex-Boyfriend / Robbie Wash,12227355574295,6600,28,-36,True
Ex-Boyfriend / Robbie Wash,12227355607063,6600,29,-21,True
Ex-Boyfriend / Robbie Wash,12227355639831,6600,30,-17,True
Ex-Boyfriend / Robbie Wash,12227355672599,6600,31,0,False
Ex-Boyfriend / Robbie Wash,12227355705367,6600,32,0,False
Ex-Boyfriend / Tommy Wash,12334744207383,6600,24,-40,True
Ex-Boyfriend / Tommy Wash,12334744240151,6600,25,-54,True
Ex-Boyfriend / Tommy Wash,12334744272919,6600,26,-66,True
Ex-Boyfriend / Tommy Wash,12334744305687,6600,27,-84,True
Ex-Boyfriend / Tommy Wash,12334744338455,6600,28,-53,True
Ex-Boyfriend / Tommy Wash,12334744371223,6600,29,-33,True
Ex-Boyfriend / Tommy Wash,12334744403991,6600,30,-17,True
Ex-Boyfriend / Tommy Wash,12334744436759,6600,31,-1,False
Ex-Boyfriend / Tommy Wash,12334744469527,6600,32,0,False
NASSA Tee,12454128680983,2400,ONE SIZE,0,False
Fairfax Cut Offs / 1997 Wash,7391858589719,5400,24,18,True
Fairfax Cut Offs / 1997 Wash,7391858622487,5400,25,17,True
Fairfax Cut Offs / 1997 Wash,7391858655255,5400,26,22,True
Fairfax Cut Offs / 1997 Wash,7391858688023,5400,27,29,True
Fairfax Cut Offs / 1997 Wash,7391858720791,5400,28,15,True
Fairfax Cut Offs / 1997 Wash,7391858753559,5400,29,20,True
Fairfax Cut Offs / 1997 Wash,7391858786327,5400,30,11,True
Fairfax Cut Offs / 1997 Wash,7391858819095,5400,31,6,True
Fairfax Cut Offs / 1997 Wash,7391858851863,5400,32,5,True
Uptown / Nirvana,6992962551831,6600,24,4,True
Uptown / Nirvana,6992962584599,6600,25,10,True
Uptown / Nirvana,6992962617367,6600,26,12,True
Uptown / Nirvana,6992962650135,6600,27,9,True
Uptown / Nirvana,6992962682903,6600,28,11,True
Uptown / Nirvana,6992962715671,6600,29,18,True
Uptown / Nirvana,6992962748439,6600,30,4,True
Uptown / Nirvana,6992962781207,6600,31,3,True
Uptown / Nirvana,6992962813975,6600,32,2,True
Venus Crops / Jet Black Wash,35516648780,6600,24,14,True
Venus Crops / Jet Black Wash,35516648844,6600,25,6,True
Venus Crops / Jet Black Wash,35516648908,6600,26,12,True
Venus Crops / Jet Black Wash,35516648972,6600,27,13,True
Venus Crops / Jet Black Wash,35516649036,6600,28,11,True
Venus Crops / Jet Black Wash,35516649100,6600,29,10,True
Venus Crops / Jet Black Wash,35516649164,6600,30,4,True
Venus Crops / Jet Black Wash,35516649228,6600,31,3,True
Venus Crops / Jet Black Wash,35516649292,6600,32,4,True
Mon Amour Crops / Black,3687726022679,7050,24 / Black,0,False
Mon Amour Crops / Black,3687726055447,7050,25 / Black,0,False
Mon Amour Crops / Black,3687726088215,7050,26 / Black,-1,False
Mon Amour Crops / Black,3687726120983,7050,27 / Black,0,False
Mon Amour Crops / Black,3687726153751,7050,28 / Black,0,False
Mon Amour Crops / Black,3687726186519,7050,29 / Black,-2,False
Mon Amour Crops / Black,3687726219287,7050,30 / Black,0,False
Mon Amour Crops / Black,3687726252055,7050,31 / Black,0,False
Mon Amour Crops / Black,3687726284823,7050,32 / Black,0,False
Ex-Boyfriend / Dylan Wash,7329955479575,6600,24,-11,True
Ex-Boyfriend / Dylan Wash,7329955512343,6600,25,-20,True
Ex-Boyfriend / Dylan Wash,7329955545111,6600,26,-20,True
Ex-Boyfriend / Dylan Wash,7329955577879,6600,27,-51,True
Ex-Boyfriend / Dylan Wash,7329955610647,6600,28,-34,True
Ex-Boyfriend / Dylan Wash,7329955643415,6600,29,-23,True
Ex-Boyfriend / Dylan Wash,7329955676183,6600,30,-9,True
Ex-Boyfriend / Dylan Wash,7329955708951,6600,31,2,True
Ex-Boyfriend / Dylan Wash,7329955741719,6600,32,0,False
90's Baby / Phoebe Wash,12619460935703,6600,24,2,True
90's Baby / Phoebe Wash,12619460968471,6600,25,1,True
90's Baby / Phoebe Wash,12619461001239,6600,26,0,False
90's Baby / Phoebe Wash,12619461034007,6600,27,0,False
90's Baby / Phoebe Wash,12619461066775,6600,28,0,False
90's Baby / Phoebe Wash,12619461099543,6600,29,3,True
90's Baby / Phoebe Wash,12619461132311,6600,30,5,True
90's Baby / Phoebe Wash,12619461165079,6600,31,1,True
90's Baby / Phoebe Wash,12619461197847,6600,32,5,True
COGNAC SHORTS,12420064444439,2250,24,0,False
COGNAC SHORTS,12420064477207,2250,25,0,False
COGNAC SHORTS,12420064509975,2250,26,0,False
COGNAC SHORTS,12420064542743,2250,27,7,True
COGNAC SHORTS,12420064575511,2250,28,0,False
COGNAC SHORTS,12420064608279,2250,29,5,True
COGNAC SHORTS,12420064641047,2250,30,0,False
COGNAC SHORTS,12420064673815,2250,31,5,True
COGNAC SHORTS,12420064706583,2250,32,4,True
OLIVE SHORTS,12420060217367,2250,24,1,True
OLIVE SHORTS,12420060250135,2250,25,0,False
OLIVE SHORTS,12420060282903,2250,26,0,False
OLIVE SHORTS,12420060315671,2250,27,3,True
OLIVE SHORTS,12420060348439,2250,28,0,False
OLIVE SHORTS,12420060381207,2250,29,8,True
OLIVE SHORTS,12420060413975,2250,30,1,True
OLIVE SHORTS,12420060446743,2250,31,3,True
OLIVE SHORTS,12420060479511,2250,32,5,True
REVICE GIFT CARD,7459393863703,750,$10.00,1,True
REVICE GIFT CARD,7459393896471,1875,$25.00,0,True
REVICE GIFT CARD,7459393929239,3750,$50.00,-2,True
REVICE GIFT CARD,7459393962007,7500,$100.00,-2,True
BOHO SHORTS,12420069621783,2625,24,7,True
BOHO SHORTS,12420069654551,2625,25,6,True
BOHO SHORTS,12420069687319,2625,27,4,True
BOHO SHORTS,12420069720087,2625,28,2,True
BOHO SHORTS,12420069752855,2625,29,6,True
BOHO SHORTS,12420069785623,2625,30,3,True
BOHO SHORTS,12420069818391,2625,31,3,True
BOHO SHORTS,12420069851159,2625,32,1,True
B-Side / Cherry Bomb,12596341702679,7350,24,-2,True
B-Side / Cherry Bomb,12596343472151,7350,25,-9,True
B-Side / Cherry Bomb,12596343504919,7350,26,-6,True
B-Side / Cherry Bomb,12596343537687,7350,27,-7,True
B-Side / Cherry Bomb,12596343570455,7350,28,-5,True
B-Side / Cherry Bomb,12596343603223,7350,29,-1,True
B-Side / Cherry Bomb,12596343635991,7350,30,-3,True
B-Side / Cherry Bomb,12596343668759,7350,31,-1,True
B-Side / Cherry Bomb,12596343701527,7350,32,0,True
Ruby Tuesday / White,6950399049751,7050,24,1,True
Ruby Tuesday / White,6950399082519,7050,25,3,True
Ruby Tuesday / White,6950399115287,7050,26,5,True
Ruby Tuesday / White,6950399148055,7050,27,3,True
Ruby Tuesday / White,6950399180823,7050,28,2,True
Ruby Tuesday / White,6950399213591,7050,29,0,False
Ruby Tuesday / White,6950399246359,7050,30,0,False
Ruby Tuesday / White,6950399279127,7050,31,4,True
Ruby Tuesday / White,6950399311895,7050,32,2,True
B-Side / Pistol Black,12596334395415,7350,24,-6,True
B-Side / Pistol Black,12596335050775,7350,25,-13,True
B-Side / Pistol Black,12596335083543,7350,26,-8,True
B-Side / Pistol Black,12596335116311,7350,27,-11,True
B-Side / Pistol Black,12596335149079,7350,28,-2,True
B-Side / Pistol Black,12596335181847,7350,29,-3,True
B-Side / Pistol Black,12596335214615,7350,30,-1,True
B-Side / Pistol Black,12596335247383,7350,31,-1,True
B-Side / Pistol Black,12596335280151,7350,32,0,True
Cut-out Vest / Blue Sand Wash,8894025091,2100,XS,17,True
Cut-out Vest / Blue Sand Wash,9126627715,2100,S,6,True
Cut-out Vest / Blue Sand Wash,10243581763,2100,M,11,True
Cut-out Vest / Blue Sand Wash,10243599299,2100,L,18,True
Dream Fit / Jet Black,12751279226903,7350,24,-6,True
Dream Fit / Jet Black,12751279292439,7350,25,-6,True
Dream Fit / Jet Black,12751279325207,7350,26,-10,True
Dream Fit / Jet Black,12751279357975,7350,27,-10,True
Dream Fit / Jet Black,12751279390743,7350,28,-6,True
Dream Fit / Jet Black,12751279423511,7350,29,-5,True
Dream Fit / Jet Black,12751279456279,7350,30,-2,True
Dream Fit / Jet Black,12751279489047,7350,31,-6,True
Dream Fit / Jet Black,12751279521815,7350,32,-1,True
Main Skinnies / Dirty Vintage Wash,24168414470,3600,24,0,False
Main Skinnies / Dirty Vintage Wash,24168414534,3600,25,0,False
Main Skinnies / Dirty Vintage Wash,24168414598,3600,26,0,False
Main Skinnies / Dirty Vintage Wash,24168414662,3600,27,0,False
Main Skinnies / Dirty Vintage Wash,24168414726,3600,28,0,False
Main Skinnies / Dirty Vintage Wash,24168414790,3600,29,0,False
Main Skinnies / Dirty Vintage Wash,24168414854,3600,30,0,False
Main Skinnies / Dirty Vintage Wash,24168414982,3600,31,0,False
Main Skinnies / Dirty Vintage Wash,24168415046,3600,32,3,True
Patch Tom Babe / Colorblock Wash,24169822278,5100,24,0,False
Patch Tom Babe / Colorblock Wash,24169822342,5100,25,0,False
Patch Tom Babe / Colorblock Wash,24169822406,5100,26,0,False
Patch Tom Babe / Colorblock Wash,24169822470,5100,27,0,False
Patch Tom Babe / Colorblock Wash,24169822534,5100,28,0,False
Patch Tom Babe / Colorblock Wash,24169822598,5100,29,1,True
Patch Tom Babe / Colorblock Wash,24169822662,5100,30,1,True
Patch Tom Babe / Colorblock Wash,24169822726,5100,31,0,False
Patch Tom Babe / Colorblock Wash,24169822790,5100,32,2,True
Easy Rider / Better Blue's,12579698311191,7350,24,-2,False
Easy Rider / Better Blue's,12579698343959,7350,25,0,False
Easy Rider / Better Blue's,12579698376727,7350,26,0,False
Easy Rider / Better Blue's,12579698409495,7350,27,-5,False
Easy Rider / Better Blue's,12579698442263,7350,28,-2,False
Easy Rider / Better Blue's,12579698475031,7350,29,0,False
Easy Rider / Better Blue's,12579698507799,7350,30,0,False
Easy Rider / Better Blue's,12579698540567,7350,31,3,True
Easy Rider / Better Blue's,12579698573335,7350,32,1,True
Ruby Tuesday / Black,6950305398807,7050,24,3,True
Ruby Tuesday / Black,6950305431575,7050,25,4,True
Ruby Tuesday / Black,6950305464343,7050,26,11,True
Ruby Tuesday / Black,6950305497111,7050,27,8,True
Ruby Tuesday / Black,6950305529879,7050,28,3,True
Ruby Tuesday / Black,6950305562647,7050,29,1,True
Ruby Tuesday / Black,6950305595415,7050,30,0,False
Ruby Tuesday / Black,6950305628183,7050,31,3,True
Ruby Tuesday / Black,6950305660951,7050,32,0,False
Uptown / Dreamer,6992783474711,6600,24,0,False
Uptown / Dreamer,6992783573015,6600,25,0,False
Uptown / Dreamer,6992783736855,6600,26,0,False
Uptown / Dreamer,6992783867927,6600,27,0,False
Uptown / Dreamer,6992783966231,6600,28,0,False
Uptown / Dreamer,6992784130071,6600,29,0,False
Uptown / Dreamer,6992784261143,6600,30,0,False
Uptown / Dreamer,6992784392215,6600,31,0,False
Uptown / Dreamer,6992784556055,6600,32,0,False
Ex-Boyfriend / Venice Wash,12645462638615,6600,24,9,True
Ex-Boyfriend / Venice Wash,12645462671383,6600,25,4,True
Ex-Boyfriend / Venice Wash,12645462704151,6600,26,10,True
Ex-Boyfriend / Venice Wash,12645462736919,6600,27,2,True
Ex-Boyfriend / Venice Wash,12645462769687,6600,28,-3,False
Ex-Boyfriend / Venice Wash,12645462802455,6600,29,0,False
Ex-Boyfriend / Venice Wash,12645462835223,6600,30,6,True
Ex-Boyfriend / Venice Wash,12645462867991,6600,31,5,True
Ex-Boyfriend / Venice Wash,12645462900759,6600,32,4,True
Harlow Cutoffs,7597793050647,5850,24,-1,True
Harlow Cutoffs,7597793083415,5850,25,0,True
Harlow Cutoffs,7597793116183,5850,26,3,True
Harlow Cutoffs,7597793148951,5850,27,3,True
Harlow Cutoffs,7597793181719,5850,28,9,True
Harlow Cutoffs,7597793214487,5850,29,5,True
Harlow Cutoffs,7597793247255,5850,30,8,True
Harlow Cutoffs,7597793280023,5850,31,5,True
Harlow Cutoffs,7597793312791,5850,32,3,True
Piped Tom Babe / Gold Coast Wash,24169889222,5100,28,0,False
Piped Tom Babe / Gold Coast Wash,24169889286,5100,29,2,True
Piped Tom Babe / Gold Coast Wash,24169889350,5100,30,0,False
Piped Tom Babe / Gold Coast Wash,24169889414,5100,31,0,False
Piped Tom Babe / Gold Coast Wash,24169889478,5100,32,0,False
B-Side / Baby Girl,12641439612951,7350,24,-1,True
B-Side / Baby Girl,12641439645719,7350,25,0,True
B-Side / Baby Girl,12641439678487,7350,26,0,True
B-Side / Baby Girl,12641439711255,7350,27,-10,True
B-Side / Baby Girl,12641439744023,7350,28,-4,True
B-Side / Baby Girl,12641439776791,7350,29,0,True
B-Side / Baby Girl,12641439809559,7350,30,3,True
B-Side / Baby Girl,12641439842327,7350,31,3,True
B-Side / Baby Girl,12641439875095,7350,32,1,True
90's Baby / Monica Wash,12619444551703,7350,24,0,False
90's Baby / Monica Wash,12619444584471,7350,25,0,False
90's Baby / Monica Wash,12619444617239,7350,26,0,False
90's Baby / Monica Wash,12619444650007,7350,27,-1,False
90's Baby / Monica Wash,12619444682775,7350,28,0,False
90's Baby / Monica Wash,12619444715543,7350,29,0,False
90's Baby / Monica Wash,12619444748311,7350,30,7,True
90's Baby / Monica Wash,12619444781079,7350,31,4,True
90's Baby / Monica Wash,12619444813847,7350,32,4,True
Perforated Skinnies / True Blue Wash,24170029830,3600,28,0,False
Perforated Skinnies / True Blue Wash,24170029894,3600,29,0,False
Perforated Skinnies / True Blue Wash,24170029958,3600,30,3,True
Perforated Skinnies / True Blue Wash,24170030022,3600,31,0,False
Perforated Skinnies / True Blue Wash,24170030086,3600,32,3,True
Worn in Skinny / Rustic Wash,24170315334,5400,24,0,False
Worn in Skinny / Rustic Wash,24170315398,5400,25,0,False
Worn in Skinny / Rustic Wash,24170315462,5400,26,0,False
Worn in Skinny / Rustic Wash,24170315526,5400,27,0,False
Worn in Skinny / Rustic Wash,24170315590,5400,28,0,False
Worn in Skinny / Rustic Wash,24170315654,5400,29,0,False
Worn in Skinny / Rustic Wash,24170315718,5400,30,1,True
Worn in Skinny / Rustic Wash,24170315782,5400,31,1,True
Worn in Skinny / Rustic Wash,24170315846,5400,32,3,True
Mon Amour Crops / White,3687749156887,7050,24 / White,0,False
Mon Amour Crops / White,3687749189655,7050,25 / White,0,False
Mon Amour Crops / White,3687749222423,7050,26 / White,3,True
Mon Amour Crops / White,3687749255191,7050,27 / White,0,False
Mon Amour Crops / White,3687749287959,7050,28 / White,0,False
Mon Amour Crops / White,3687749320727,7050,29 / White,2,True
Mon Amour Crops / White,3687749353495,7050,30 / White,2,True
Mon Amour Crops / White,3687749386263,7050,31 / White,2,True
Mon Amour Crops / White,3687749419031,7050,32 / White,0,False
Malibu Cutoffs / Topanga Wash,12210070454295,5850,24,0,False
Malibu Cutoffs / Topanga Wash,12210070487063,5850,25,0,False
Malibu Cutoffs / Topanga Wash,12210070519831,5850,26,1,True
Malibu Cutoffs / Topanga Wash,12210070552599,5850,27,0,False
Malibu Cutoffs / Topanga Wash,12210070585367,5850,28,2,True
Malibu Cutoffs / Topanga Wash,12210070618135,5850,29,2,True
Malibu Cutoffs / Topanga Wash,12210070650903,5850,30,6,True
Malibu Cutoffs / Topanga Wash,12210070683671,5850,31,3,True
Malibu Cutoffs / Topanga Wash,12210070716439,5850,32,3,True
Ex-Boyfriend / Under Construction,12665600409623,7350,24,7,True
Ex-Boyfriend / Under Construction,12665600442391,7350,25,-1,True
Ex-Boyfriend / Under Construction,12665600475159,7350,26,-7,True
Ex-Boyfriend / Under Construction,12665600507927,7350,27,-2,True
Ex-Boyfriend / Under Construction,12665600540695,7350,28,-3,True
Ex-Boyfriend / Under Construction,12665600573463,7350,29,-4,True
Ex-Boyfriend / Under Construction,12665600606231,7350,30,1,True
Ex-Boyfriend / Under Construction,12665600638999,7350,31,4,True
Ex-Boyfriend / Under Construction,12665600671767,7350,32,3,True
Perforated Ms Robinson / Falling Sky Wash,24169868358,5850,27,0,False
Perforated Ms Robinson / Falling Sky Wash,24169868422,5850,28,0,False
Perforated Ms Robinson / Falling Sky Wash,24169868486,5850,29,0,False
Perforated Ms Robinson / Falling Sky Wash,24169868550,5850,30,0,False
Perforated Ms Robinson / Falling Sky Wash,24169868614,5850,31,0,False
Perforated Ms Robinson / Falling Sky Wash,24169868678,5850,32,0,False
Uptown / Rising Star,6949833932823,7350,24,0,False
Uptown / Rising Star,6949833965591,7350,25,0,False
Uptown / Rising Star,6949833998359,7350,26,0,False
Uptown / Rising Star,6949834031127,7350,27,0,False
Uptown / Rising Star,6949834063895,7350,28,0,False
Uptown / Rising Star,6949834096663,7350,29,5,True
Uptown / Rising Star,6949834129431,7350,30,2,True
Uptown / Rising Star,6949834162199,7350,31,0,False
Uptown / Rising Star,6949834194967,7350,32,0,False
Coco Cutoffs / Pure White Wash,35761634956,5100,24,0,False
Coco Cutoffs / Pure White Wash,35761635020,3600,25,-1,False
Coco Cutoffs / Pure White Wash,35761635084,3600,26,0,False
Coco Cutoffs / Pure White Wash,35761635148,3600,27,0,False
Coco Cutoffs / Pure White Wash,35761635212,3600,28,0,False
Coco Cutoffs / Pure White Wash,35761635276,3600,29,0,False
Coco Cutoffs / Pure White Wash,35761635340,3600,30,0,False
Coco Cutoffs / Pure White Wash,41132670732,3600,31,1,True
Coco Cutoffs / Pure White Wash,41132674124,3600,32,1,True
Revice Tour Split Tee,3431073054743,2850,ONE SIZE,43,True
Backstage Pass / Raw Edge Skirt,31288776716,1800,Small,0,False
Backstage Pass / Raw Edge Skirt,31288845324,1800,Medium,0,False
Backstage Pass / Raw Edge Skirt,31288846028,1800,Large,0,False
Ex-Boyfriend / Cam Wash,12227321298967,7050,24,5,True
Ex-Boyfriend / Cam Wash,12227321331735,7050,25,7,True
Ex-Boyfriend / Cam Wash,12227321364503,7050,26,8,True
Ex-Boyfriend / Cam Wash,12227321397271,7050,27,4,True
Ex-Boyfriend / Cam Wash,12227321430039,7050,28,13,True
Ex-Boyfriend / Cam Wash,12227321462807,7050,29,11,True
Ex-Boyfriend / Cam Wash,12227321495575,7050,30,7,True
Ex-Boyfriend / Cam Wash,12227321528343,7050,31,0,True
Ex-Boyfriend / Cam Wash,12227321561111,7050,32,-1,True
90's Baby / Joey Wash,12619487182871,7350,24,15,True
90's Baby / Joey Wash,12619487215639,7350,25,12,True
90's Baby / Joey Wash,12619487248407,7350,26,14,True
90's Baby / Joey Wash,12619487281175,7350,27,6,True
90's Baby / Joey Wash,12619487313943,7350,28,16,True
90's Baby / Joey Wash,12619487346711,7350,29,13,True
90's Baby / Joey Wash,12619487379479,7350,30,13,True
90's Baby / Joey Wash,12619487412247,7350,31,11,True
90's Baby / Joey Wash,12619487445015,7350,32,9,True
Venus Crops / Optical White,39098995532,6600,24,25,True
Venus Crops / Optical White,39098995596,6600,25,11,True
Venus Crops / Optical White,39098995660,6600,26,18,True
Venus Crops / Optical White,39098995724,6600,27,12,True
Venus Crops / Optical White,39098995788,6600,28,8,True
Venus Crops / Optical White,39098995852,6600,29,16,True
Venus Crops / Optical White,39098995916,6600,30,6,True
Venus Crops / Optical White,39098995980,6600,31,5,True
Venus Crops / Optical White,43739930508,6600,32,5,True
90's Baby / Rachel Wash,12619437932567,6600,24,4,True
90's Baby / Rachel Wash,12619437965335,6600,25,0,False
90's Baby / Rachel Wash,12619437998103,6600,26,-1,False
90's Baby / Rachel Wash,12619438030871,6600,27,0,False
90's Baby / Rachel Wash,12619438063639,6600,28,-1,False
90's Baby / Rachel Wash,12619438096407,6600,29,0,False
90's Baby / Rachel Wash,12619438129175,6600,30,4,True
90's Baby / Rachel Wash,12619438161943,6600,31,3,True
90's Baby / Rachel Wash,12619438194711,6600,32,0,False
Farrah / Midnight Wash,7429495685143,7050,24,0,False
Farrah / Midnight Wash,7429495717911,7050,25,0,False
Farrah / Midnight Wash,7429495750679,7050,26,0,False
Farrah / Midnight Wash,7429495783447,7050,27,0,False
Farrah / Midnight Wash,7429495816215,7050,28,0,False
Farrah / Midnight Wash,7429495848983,7050,29,0,False
Farrah / Midnight Wash,7429495881751,7050,30,3,True
Farrah / Midnight Wash,7429495914519,7050,31,0,False
Farrah / Midnight Wash,7429495947287,7050,32,0,False
The Westside,6982363381783,7350,24,0,False
The Westside,6982363414551,7350,25,0,False
The Westside,6982363447319,7350,26,0,False
The Westside,6982363480087,7350,27,0,False
The Westside,6982363512855,7350,28,0,False
The Westside,6982363545623,7350,29,0,False
The Westside,6982363578391,7350,30,0,False
The Westside,6982363611159,7350,31,3,True
The Westside,6982363643927,7350,32,0,False
Triple Threat,6945253359639,8850,24,1,True
Triple Threat,6945253392407,8850,25,5,True
Triple Threat,6945253425175,8850,26,0,False
Triple Threat,6945253457943,8850,27,5,True
Triple Threat,6945253490711,8850,28,1,True
Triple Threat,6945253523479,8850,29,2,True
Triple Threat,6945253556247,8850,30,0,False
Triple Threat,6945253589015,8850,31,0,False
Triple Threat,6945253621783,8850,32,0,False
Malibu Cutoffs / Zuma Wash,12210069471255,5850,24,6,True
Malibu Cutoffs / Zuma Wash,12210069504023,5850,25,9,True
Malibu Cutoffs / Zuma Wash,12210069536791,5850,26,16,True
Malibu Cutoffs / Zuma Wash,12210069569559,5850,27,9,True
Malibu Cutoffs / Zuma Wash,12210069602327,5850,28,28,True
Malibu Cutoffs / Zuma Wash,12210069635095,5850,29,19,True
Malibu Cutoffs / Zuma Wash,12210069667863,5850,30,20,True
Malibu Cutoffs / Zuma Wash,12210069700631,5850,31,20,True
Malibu Cutoffs / Zuma Wash,12210069733399,5850,32,21,True
Heaven Crops,39499195020,5850,29,0,False
Heaven Crops,39499195084,5850,30,2,True
Heaven Crops,39499195148,5850,31,0,False
Venus Crops / Manhattan Wash,12335103639575,7350,24,7,True
Venus Crops / Manhattan Wash,12335103672343,7350,25,0,False
Venus Crops / Manhattan Wash,12335103705111,7350,26,10,True
Venus Crops / Manhattan Wash,12335103737879,7350,27,9,True
Venus Crops / Manhattan Wash,12335103770647,7350,28,3,True
Venus Crops / Manhattan Wash,12335103803415,7350,29,13,True
Venus Crops / Manhattan Wash,12335103836183,7350,30,2,True
Venus Crops / Manhattan Wash,12335103868951,7350,31,9,True
Venus Crops / Manhattan Wash,12335103901719,7350,32,8,True
Dream Fit / XOXO,7180133498903,6600,24,27,True
Dream Fit / XOXO,7180315459607,6600,25,24,True
Dream Fit / XOXO,7180315492375,6600,26,30,True
Dream Fit / XOXO,7180315525143,6600,27,34,True
Dream Fit / XOXO,7180315557911,6600,28,18,True
Dream Fit / XOXO,7180315590679,6600,29,18,True
Dream Fit / XOXO,7180315623447,6600,30,9,True
Dream Fit / XOXO,7180315656215,6600,31,8,True
Dream Fit / XOXO,7180315688983,6600,32,9,True
Heaven Flares,39165245580,7350,24,14,True
Heaven Flares,39165245644,7350,25,12,True
Heaven Flares,39165245708,7350,26,20,True
Heaven Flares,39165245772,7350,27,1,True
Heaven Flares,39165245836,7350,28,18,True
Heaven Flares,39165245900,7350,29,9,True
Heaven Flares,39165245964,7350,30,18,True
Heaven Flares,39165246028,7350,31,0,True
Heaven Flares,39165246092,7350,32,2,True
Yin Yang Crops / B&W,3386438156311,6600,24,2,True
Yin Yang Crops / B&W,3386438189079,6600,25,1,True
Yin Yang Crops / B&W,3386438221847,6600,26,0,False
Yin Yang Crops / B&W,3386438254615,6600,27,0,False
Yin Yang Crops / B&W,3386438287383,6600,28,0,False
Yin Yang Crops / B&W,3386438320151,6600,29,0,False
Yin Yang Crops / B&W,3386438352919,6600,30,0,False
Yin Yang Crops / B&W,3386438385687,6600,31,3,True
Yin Yang Crops / B&W,3386438418455,6600,32,4,True
Venus Flares / Montauk Wash,7459786326039,7350,24,-21,True
Venus Flares / Montauk Wash,7459786358807,7350,25,-30,True
Venus Flares / Montauk Wash,7459786391575,7350,26,-44,True
Venus Flares / Montauk Wash,7459786424343,7350,27,-34,True
Venus Flares / Montauk Wash,7459786457111,7350,28,-41,True
Venus Flares / Montauk Wash,7459786489879,7350,29,-18,True
Venus Flares / Montauk Wash,7459786522647,7350,30,-12,True
Venus Flares / Montauk Wash,7459786555415,7350,31,-9,True
Venus Flares / Montauk Wash,7459786588183,7350,32,-10,True
Uptown / Valley Girl,4223345066007,7050,24,0,False
Uptown / Valley Girl,4223345098775,7350,25,-1,False
Uptown / Valley Girl,4223345131543,7350,26,0,False
Uptown / Valley Girl,4223345164311,7350,27,0,False
Uptown / Valley Girl,4223345197079,7350,28,-8,False
Uptown / Valley Girl,4223345229847,7350,29,-1,False
Uptown / Valley Girl,4223345262615,7350,30,0,False
Uptown / Valley Girl,4223345295383,7350,31,0,False
Uptown / Valley Girl,4223345328151,7350,32,0,False
Venus Flares / Optical White,35516923148,6600,24,0,True
Venus Flares / Optical White,35516923212,6600,25,-1,True
Venus Flares / Optical White,35516923276,6600,26,-10,True
Venus Flares / Optical White,35516923340,6600,27,-5,True
Venus Flares / Optical White,35516923404,6600,28,-4,True
Venus Flares / Optical White,35516923468,6600,29,-1,True
Venus Flares / Optical White,35516923532,6600,30,3,True
Venus Flares / Optical White,35516923596,6600,31,4,True
Venus Flares / Optical White,35516923660,6600,32,3,True
Heaven Shorts / Celestial Wash,36347132236,5250,24,7,True
Heaven Shorts / Celestial Wash,36347132300,5250,25,3,True
Heaven Shorts / Celestial Wash,36347132364,5250,26,-24,False
Heaven Shorts / Celestial Wash,36347132428,5250,27,-22,False
Heaven Shorts / Celestial Wash,36347132492,5250,28,-21,False
Heaven Shorts / Celestial Wash,36347132556,5250,29,-15,False
Heaven Shorts / Celestial Wash,36347132620,5250,30,-11,True
Heaven Shorts / Celestial Wash,40051049548,5250,31,0,False
Heaven Shorts / Celestial Wash,40051058764,5250,32,2,True
Uptown / Almost Famous,6950158565399,7350,24,-7,True
Uptown / Almost Famous,6950158598167,7350,25,-11,True
Uptown / Almost Famous,6950158630935,7350,26,-18,True
Uptown / Almost Famous,6950158663703,7350,27,-10,True
Uptown / Almost Famous,6950158696471,7350,28,-11,True
Uptown / Almost Famous,6950158729239,7350,29,-5,True
Uptown / Almost Famous,6950158762007,7350,30,-2,True
Uptown / Almost Famous,6950158794775,7350,31,-2,True
Uptown / Almost Famous,6950158827543,7350,32,-4,True
Blair Flare / Luxury Blue Wash,33978608396,7050,24,5,True
Blair Flare / Luxury Blue Wash,33978608460,7050,25,14,True
Blair Flare / Luxury Blue Wash,33978608524,7050,26,0,False
Blair Flare / Luxury Blue Wash,33978608588,7050,27,0,False
Blair Flare / Luxury Blue Wash,33978608652,7050,28,-1,False
Blair Flare / Luxury Blue Wash,33978608716,7050,29,0,False
Blair Flare / Luxury Blue Wash,33978608780,7050,30,0,False
Blair Flare / Luxury Blue Wash,33978608844,7050,31,0,False
Blair Flare / Luxury Blue Wash,33978608908,7050,32,0,False
Yin Yang Skirt / B&W,3386634666007,5100,XS,-142,True
Yin Yang Skirt / B&W,3386634698775,5100,S,-178,True
Yin Yang Skirt / B&W,3386634731543,5100,M,-155,True
Yin Yang Skirt / B&W,3386634797079,5100,L,-75,True
Two Toned Venus Flares Special Edition,40771234316,7350,24,-8,True
Two Toned Venus Flares Special Edition,40771234380,7350,25,-5,True
Two Toned Venus Flares Special Edition,40771234444,7350,26,-8,True
Two Toned Venus Flares Special Edition,40771234572,7350,27,-9,True
Two Toned Venus Flares Special Edition,40771234636,7350,28,-12,True
Two Toned Venus Flares Special Edition,40771234764,7350,29,-5,True
Two Toned Venus Flares Special Edition,40771234828,7350,30,-5,True
Two Toned Venus Flares Special Edition,40771235020,7350,31,-3,True
Two Toned Venus Flares Special Edition,40771235084,7350,32,-3,True
Venus Flares / Jet Black Wash,35517227532,6600,24,-2,True
Venus Flares / Jet Black Wash,35517227596,6600,25,-3,True
Venus Flares / Jet Black Wash,35517227660,6600,26,-1,True
Venus Flares / Jet Black Wash,35517227724,6600,27,-11,True
Venus Flares / Jet Black Wash,35517227788,6600,28,-4,True
Venus Flares / Jet Black Wash,35517227852,6600,29,-2,True
Venus Flares / Jet Black Wash,35517227916,6600,30,-1,True
Venus Flares / Jet Black Wash,35517227980,6600,31,-1,True
Venus Flares / Jet Black Wash,35517228044,6600,32,0,True
Sunset Bells,115711213591,7350,24,1,True
Sunset Bells,115711246359,7350,25,1,True
Sunset Bells,115711279127,7350,26,-18,True
Sunset Bells,115711311895,7350,27,2,True
Sunset Bells,115711344663,7350,28,-13,True
Sunset Bells,115711377431,7350,29,-18,True
Sunset Bells,115711410199,7350,30,-15,True
Sunset Bells,115711442967,7350,31,2,True
Sunset Bells,115711475735,7350,32,-4,True
Boogie Bells / Ocean Wash,24168839046,7350,24,5,True
Boogie Bells / Ocean Wash,24168839110,7350,25,11,True
Boogie Bells / Ocean Wash,24168839174,7350,26,18,True
Boogie Bells / Ocean Wash,24168839238,7350,27,17,True
Boogie Bells / Ocean Wash,24168839430,7350,28,21,True
Boogie Bells / Ocean Wash,24168839494,7350,29,8,True
Boogie Bells / Ocean Wash,29482524812,7350,30,5,True
Boogie Bells / Ocean Wash,29482531724,7350,31,3,True
Boogie Bells / Ocean Wash,29482534796,7350,32,4,True
Farrah / Angel Blue Wash,42821243532,7050,24,5,True
Farrah / Angel Blue Wash,42821243660,7050,25,23,True
Farrah / Angel Blue Wash,42821243724,7050,26,23,True
Farrah / Angel Blue Wash,42821243852,7050,27,9,True
Farrah / Angel Blue Wash,42821243980,7050,28,8,True
Farrah / Angel Blue Wash,42821244044,7050,29,15,True
Farrah / Angel Blue Wash,42821244172,7050,30,8,True
Farrah / Angel Blue Wash,42821244236,7050,31,5,True
Farrah / Angel Blue Wash,42821244364,7050,32,6,True
Ziggy Shorts,43289038732,5100,24,9,True
Ziggy Shorts,43289038796,5100,25,11,True
Ziggy Shorts,43289038860,5100,26,16,True
Ziggy Shorts,43289038924,5100,27,14,True
Ziggy Shorts,43289038988,5100,28,29,True
Ziggy Shorts,43289039052,5100,29,20,True
Ziggy Shorts,43289039116,5100,30,6,True
Ziggy Shorts,43289039180,5100,31,13,True
Ziggy Shorts,43289039244,5100,32,0,False
Lolita Crops / Galaxy Wash,7597470220311,5850,24,0,False
Lolita Crops / Galaxy Wash,24657775750,5850,25,0,False
Lolita Crops / Galaxy Wash,24657775814,5850,26,0,False
Lolita Crops / Galaxy Wash,24657775878,5850,27,0,False
Lolita Crops / Galaxy Wash,12404083621911,5850,29,0,False
Imagine Crops / Blue Shadow,35517789260,7050,24,0,False
Imagine Crops / Blue Shadow,35517789324,7050,25,0,False
Imagine Crops / Blue Shadow,35517789388,7050,26,0,False
Imagine Crops / Blue Shadow,35517789452,7050,27,0,False
Imagine Crops / Blue Shadow,35517789516,7050,28,0,False
Imagine Crops / Blue Shadow,35517789580,7050,29,0,False
Imagine Crops / Blue Shadow,35517789644,7050,30,2,True
Imagine Crops / Blue Shadow,35517789708,7050,31,0,False
Imagine Crops / Blue Shadow,35517789772,7050,32,0,False
Uptown / Hello Lover Old Stone Wash,37027864204,6600,24,0,False
Uptown / Hello Lover Old Stone Wash,37027864268,6600,25,0,False
Uptown / Hello Lover Old Stone Wash,37027864332,6600,26,0,False
Uptown / Hello Lover Old Stone Wash,37027864396,6600,27,5,True
Uptown / Hello Lover Old Stone Wash,37027864524,6600,28,6,True
Uptown / Hello Lover Old Stone Wash,37027864588,6600,29,2,True
Uptown / Hello Lover Old Stone Wash,37027864652,6600,30,3,True
Uptown / Hello Lover Old Stone Wash,37027864716,6600,31,0,False
Feeling Thorny Tee,40387863884,2400,ONE SIZE,76,True
Ex-Boyfriend / Harlow Wash,12470018736151,7350,24,-27,True
Ex-Boyfriend / Harlow Wash,12470018768919,7350,25,-42,True
Ex-Boyfriend / Harlow Wash,12470018801687,7350,26,-11,True
Ex-Boyfriend / Harlow Wash,12470018834455,7350,27,-90,True
Ex-Boyfriend / Harlow Wash,12470018867223,7350,28,-99,True
Ex-Boyfriend / Harlow Wash,12470018899991,7350,29,-58,True
Ex-Boyfriend / Harlow Wash,12470018932759,7350,30,-23,True
Ex-Boyfriend / Harlow Wash,12470018965527,7350,31,1,True
Ex-Boyfriend / Harlow Wash,12470018998295,7350,32,-4,True
Ziggy Crops,2847795445783,7050,24,19,True
Ziggy Crops,2847795478551,7050,25,-2,False
Ziggy Crops,2847795544087,7050,26,0,False
Ziggy Crops,2847795609623,7050,27,0,False
Ziggy Crops,2847795675159,7050,28,0,False
Ziggy Crops,2847795707927,7050,29,0,False
Ziggy Crops,2847795740695,7050,30,2,True
Ziggy Crops,2847795773463,7050,31,4,True
Ziggy Crops,2847795806231,7050,32,4,True
Uptown / Roadtrip Wash,41301225100,6600,24,0,False
Uptown / Roadtrip Wash,41301225164,6600,25,0,False
Uptown / Roadtrip Wash,41301225228,6600,26,0,False
Uptown / Roadtrip Wash,41301225292,6600,27,0,False
Uptown / Roadtrip Wash,41301225356,6600,28,2,True
Uptown / Roadtrip Wash,41301225420,6600,29,11,True
Uptown / Roadtrip Wash,41301225484,6600,30,0,False
Uptown / Roadtrip Wash,41301225548,6600,31,0,False
Uptown / Roadtrip Wash,7023035940887,6600,32,2,True
Burn the Bras Tee,8894039427,2850,XS/S,133,True
Yin Yang Shorts / Tokyo Wash,12354592604183,5400,23,0,False
Yin Yang Shorts / Tokyo Wash,4387819421719,5400,24,-140,True
Yin Yang Shorts / Tokyo Wash,4387819454487,5400,25,-244,True
Yin Yang Shorts / Tokyo Wash,4387819487255,5400,26,-334,True
Yin Yang Shorts / Tokyo Wash,4387819520023,5400,27,-353,True
Yin Yang Shorts / Tokyo Wash,4387819552791,5400,28,-323,True
Yin Yang Shorts / Tokyo Wash,4387819585559,5400,29,-167,True
Yin Yang Shorts / Tokyo Wash,4387819618327,5400,30,-93,True
Yin Yang Shorts / Tokyo Wash,4387819651095,5400,31,-64,True
Yin Yang Shorts / Tokyo Wash,4387819683863,5400,32,-12,False
Debbie Does Disco / Maliblue Wash,30863626188,9225,24,5,True
Debbie Does Disco / Maliblue Wash,30863626252,9225,25,1,True
Debbie Does Disco / Maliblue Wash,30863626316,9225,26,0,False
Debbie Does Disco / Maliblue Wash,30863626444,9225,27,0,False
Debbie Does Disco / Maliblue Wash,30863626508,9225,28,3,True
Debbie Does Disco / Maliblue Wash,30863626636,9225,29,6,True
Debbie Does Disco / Maliblue Wash,30863626700,9225,30,0,False
Debbie Does Disco / Maliblue Wash,35553989836,9225,31,5,True
Debbie Does Disco / Maliblue Wash,35553992780,9225,32,2,True
Venus Cutoffs / Athena Wash,41793553484,5850,24,-33,True
Venus Cutoffs / Athena Wash,41793553548,5850,25,3,True
Venus Cutoffs / Athena Wash,41793553612,5850,26,-19,True
Venus Cutoffs / Athena Wash,41793553676,5850,27,-23,True
Venus Cutoffs / Athena Wash,41793553740,5850,28,14,True
Venus Cutoffs / Athena Wash,41793553804,5850,29,41,True
Venus Cutoffs / Athena Wash,41793553868,5850,30,-7,True
Venus Cutoffs / Athena Wash,41794158220,5850,31,-1,True
Venus Cutoffs / Athena Wash,41794171084,5850,32,2,True
Venus Crops / Stargazer Wash,2814585405463,7050,24,-30,True
Venus Crops / Stargazer Wash,2816784498711,7050,25,-12,True
Venus Crops / Stargazer Wash,2816784564247,7050,26,-9,True
Venus Crops / Stargazer Wash,2816784629783,7050,27,-8,True
Venus Crops / Stargazer Wash,2816784662551,7050,28,-29,True
Venus Crops / Stargazer Wash,2816784695319,7050,29,-10,True
Venus Crops / Stargazer Wash,2816784728087,7050,30,-9,True
Venus Crops / Stargazer Wash,2816784760855,7050,31,-5,True
Venus Crops / Stargazer Wash,2816784793623,7050,32,-5,True
Mon Amour Crops / Sugar Wash,84043333655,7050,24,0,False
Mon Amour Crops / Sugar Wash,84043366423,7050,25,0,False
Mon Amour Crops / Sugar Wash,84043399191,7050,26,0,False
Mon Amour Crops / Sugar Wash,84043431959,7050,27,-1,False
Mon Amour Crops / Sugar Wash,84043464727,7050,28,-1,False
Mon Amour Crops / Sugar Wash,84043497495,7050,29,0,False
Mon Amour Crops / Sugar Wash,84043530263,7050,30,1,True
Mon Amour Crops / Sugar Wash,84043563031,7050,31,3,True
Mon Amour Crops / Sugar Wash,92850487319,7050,32,4,True
Dream Fit / Blue Division,336358735895,6675,24,-59,True
Dream Fit / Blue Division,336358768663,6675,25,-139,True
Dream Fit / Blue Division,336358801431,6675,26,-146,True
Dream Fit / Blue Division,336358834199,6675,27,-177,True
Dream Fit / Blue Division,336358866967,6675,28,-159,True
Dream Fit / Blue Division,336358899735,6675,29,-103,True
Dream Fit / Blue Division,336358932503,6675,30,-52,True
Dream Fit / Blue Division,336358965271,6675,31,-32,True
Dream Fit / Blue Division,336358998039,6675,32,-27,True
Dream Fit / Sweet Monday Wash,83945029655,6600,24,13,True
Dream Fit / Sweet Monday Wash,83945062423,6600,25,27,True
Dream Fit / Sweet Monday Wash,83945095191,6600,26,35,True
Dream Fit / Sweet Monday Wash,83945127959,6600,27,41,True
Dream Fit / Sweet Monday Wash,83945160727,6600,28,37,True
Dream Fit / Sweet Monday Wash,83945193495,6600,29,45,True
Dream Fit / Sweet Monday Wash,83945226263,6600,30,17,True
Dream Fit / Sweet Monday Wash,83945259031,6600,31,11,True
Dream Fit / Sweet Monday Wash,83945291799,6600,32,6,True
Yin Yang Crops /  Tokyo Wash,12420202692631,6600,23,7,True
Yin Yang Crops /  Tokyo Wash,84043005975,6600,24,19,True
Yin Yang Crops /  Tokyo Wash,84043038743,6600,25,5,True
Yin Yang Crops /  Tokyo Wash,84043071511,6600,26,-37,True
Yin Yang Crops /  Tokyo Wash,84043104279,6600,27,-66,True
Yin Yang Crops /  Tokyo Wash,84043137047,6600,28,-26,True
Yin Yang Crops /  Tokyo Wash,84043169815,6600,29,-19,True
Yin Yang Crops /  Tokyo Wash,84043202583,6600,30,-8,True
Yin Yang Crops /  Tokyo Wash,84043235351,6600,31,6,True
Yin Yang Crops /  Tokyo Wash,92849569815,6600,32,0,False
Venus Crops / Lightyear Wash,43741451532,7050,23,0,False
Venus Crops / Lightyear Wash,24221893958,7050,24,-108,True
Venus Crops / Lightyear Wash,24221894022,7050,25,-227,True
Venus Crops / Lightyear Wash,24221894086,7050,26,-227,True
Venus Crops / Lightyear Wash,24221894150,7050,27,-300,True
Venus Crops / Lightyear Wash,24221894214,7050,28,-254,True
Venus Crops / Lightyear Wash,24221894278,7050,29,-162,True
Venus Crops / Lightyear Wash,24221894342,7050,30,-76,True
Venus Crops / Lightyear Wash,24221894406,7050,31,-41,True
Venus Crops / Lightyear Wash,24221894470,7050,32,-27,True
Venus Neverland,41232901132,7350,24,7,True
Venus Neverland,41232901196,7350,25,15,True
Venus Neverland,41232901260,7350,26,18,True
Venus Neverland,41232901324,7350,27,22,True
Venus Neverland,41232901388,7350,28,25,True
Venus Neverland,41232901452,7350,29,9,True
Venus Neverland,41232901516,7350,30,8,True
Venus Neverland,41232901580,7350,31,4,True
Venus Neverland,41232901644,7350,32,5,True
Uptown / Stardust,36201419276,6600,24,-1,False
Uptown / Stardust,36201419340,6600,25,0,False
Uptown / Stardust,36201419404,6600,26,3,True
Uptown / Stardust,36201419468,6600,27,0,False
Uptown / Stardust,36201419532,6600,28,0,False
Uptown / Stardust,36201419596,6600,29,6,True
Uptown / Stardust,36201419660,6600,30,0,False
Uptown / Stardust,36201419788,6600,31,0,False
Uptown / Stardust,40303394508,6600,32,3,True
Ruby Tuesday,3430789808151,7050,24,0,False
Ruby Tuesday,3430789840919,7050,25,0,False
Ruby Tuesday,3430789873687,7050,26,0,False
Ruby Tuesday,3430789906455,7050,27,0,False
Ruby Tuesday,3430789939223,7050,28,2,True
Ruby Tuesday,3430789971991,7050,29,-2,False
Ruby Tuesday,3430790004759,7050,30,5,True
Ruby Tuesday,3430790037527,7050,31,1,True
Ruby Tuesday,3430790070295,7050,32,0,False
